{"epoch": 7, "_runtime": 31670, "_timestamp": 1669953319, "mean_epoch_loss": 0.1687506899672995, "loss": 0.0018741044914349911, "step": "2999/3000", "_step": 24015, "_wandb": {"runtime": 11642}}