{"loss": 0.08425270020961761, "epoch": 0, "step": "7/2000", "_timestamp": 1672781143.9268568, "_runtime": 15.25573468208313, "_step": 7}