{"lr": 5.000000000000097e-06, "loss": 0.0006580792833119631, "epoch": 2, "_timestamp": 1670197350, "step": "4999/5000", "_step": 10003, "_runtime": 8342, "mean_epoch_loss": 0.1403961726793088, "_wandb": {"runtime": 105}}