{"_runtime": 14849.291565418243, "examples": {"height": 5120, "sha256": "c188ff971cc4366b54b73e27454ebd43ee12004d5ee2c3840046f71d4a56f108", "path": "media/images/examples_10009_c188ff971cc4366b54b7.png", "size": 10957822, "_type": "image-file", "width": 2048, "format": "png"}, "_timestamp": 1670713157.7068834, "lr": 5.000000000000097e-06, "loss": 0.0006580792833119631, "_step": 10009, "epoch": 2, "step": "4999/5000", "mean_epoch_loss": 0.1403961726793088, "_wandb": {"runtime": 2665}}