{"loss": 0.36401933431625366, "epoch": 0, "step": "8/2000", "_timestamp": 1672781144.1801531, "_runtime": 15.729827165603638, "_step": 8}