{"loss": 0.4098981022834778, "epoch": 0, "step": "8/2000", "_timestamp": 1672781144.1796117, "_runtime": 15.704148769378662, "_step": 8}