{"loss": 0.24494607746601105, "epoch": 0, "step": "8/2000", "_timestamp": 1672781144.1787477, "_runtime": 15.728489637374878, "_step": 8}