{"loss": 0.057750403881073, "epoch": 1, "step": "9999/10000", "_timestamp": 1672961442.7772481, "_runtime": 5899.804251194, "_step": 20007, "mean_epoch_loss": 0.14157157534973747, "_wandb": {"runtime": 5899}}