{"lr": 4.999999999983049e-06, "_step": 40019, "epoch": 2, "_timestamp": 1670691725.581053, "mean_epoch_loss": 0.14604474741418336, "loss": 0.026316290721297264, "step": "4999/5000", "_runtime": 38043.927601099014, "examples": {"_type": "image-file", "sha256": "a8716569b671e16fa399d1c05a2ad03f0baf88ac95e7a460522dd0f2eaa1cd84", "size": 10075636, "path": "media/images/examples_40019_a8716569b671e16fa399.png", "format": "png", "width": 2048, "height": 5120}, "_wandb": {"runtime": 1227}}