{"_timestamp": 1670718781.3550613, "mean_epoch_loss": 0.12478702625073491, "loss": 0.05841071158647537, "step": "499/500", "_step": 1006, "epoch": 1, "_runtime": 6086.393283367157, "examples": {"width": 2048, "format": "png", "height": 5120, "sha256": "1c15a710d0620f7292b135b81476a81f428187de83bd3983e8be57b04aeaa560", "path": "media/images/examples_1006_1c15a710d0620f7292b1.png", "size": 11422000, "_type": "image-file"}, "_wandb": {"runtime": 3553}}