{"loss": 0.05841071158647537, "step": "499/500", "_step": 1006, "epoch": 1, "_runtime": 6086.393283367157, "_timestamp": 1670718781.3550613, "mean_epoch_loss": 0.12478702625073491, "examples": {"_type": "image-file", "sha256": "1c15a710d0620f7292b135b81476a81f428187de83bd3983e8be57b04aeaa560", "size": 11422000, "path": "media/images/examples_1006_1c15a710d0620f7292b1.png", "format": "png", "width": 2048, "height": 5120}, "_wandb": {"runtime": 1128}}