{"lr": 5.000000000000097e-06, "loss": 0.0006580792833119631, "epoch": 2, "_runtime": 13643.70709323883, "mean_epoch_loss": 0.1403961726793088, "step": "4999/5000", "_step": 10007, "examples": {"_type": "image-file", "sha256": "56311f77d59b8237b46ccb39a51d07d3f5723f7ce3ccfea08a4eb6117a414fef", "size": 10542757, "path": "media/images/examples_10007_56311f77d59b8237b46c.png", "format": "png", "width": 2048, "height": 5120}, "_timestamp": 1670691108.5241044, "_wandb": {"runtime": 1413}}