{"examples": {"path": "media/images/examples_10008_c188ff971cc4366b54b7.png", "size": 10957822, "_type": "image-file", "width": 2048, "format": "png", "height": 5120, "sha256": "c188ff971cc4366b54b73e27454ebd43ee12004d5ee2c3840046f71d4a56f108"}, "lr": 5.000000000000097e-06, "loss": 0.0006580792833119631, "epoch": 2, "_runtime": 14179.16417002678, "mean_epoch_loss": 0.1403961726793088, "step": "4999/5000", "_step": 10008, "_timestamp": 1670709780.730427, "_wandb": {"runtime": 1956}}