{"step": "4999/5000", "epoch": 2, "_runtime": 16309.916417837143, "examples": {"_type": "image-file", "sha256": "c188ff971cc4366b54b73e27454ebd43ee12004d5ee2c3840046f71d4a56f108", "size": 10957822, "path": "media/images/examples_10012_c188ff971cc4366b54b7.png", "format": "png", "width": 2048, "height": 5120}, "_timestamp": 1670716955.0956278, "lr": 5.000000000000097e-06, "loss": 0.0006580792833119631, "mean_epoch_loss": 0.1403961726793088, "_step": 10012, "_wandb": {"runtime": 4102}}