{"_runtime": 1064, "_timestamp": 1670476200, "mean_epoch_loss": 0.12478702625073491, "loss": 0.05841071158647537, "step": "499/500", "_step": 1003, "epoch": 1, "_wandb": {"runtime": 48}}