{"_runtime": 8342, "mean_epoch_loss": 0.1403961726793088, "loss": 0.0006580792833119631, "_step": 10003, "epoch": 2, "_timestamp": 1670197350, "lr": 5.000000000000097e-06, "step": "4999/5000", "_wandb": {"runtime": 114}}