{"epoch": 2, "_runtime": 8342, "_timestamp": 1670197350, "mean_epoch_loss": 0.1403961726793088, "lr": 5.000000000000097e-06, "loss": 0.0006580792833119631, "step": "4999/5000", "_step": 10003, "_wandb": {"runtime": 80}}